{
    "web": {
        "client_id": "53563993599-h1r9m2l30udtn15n10viej09ho0dm089.apps.googleusercontent.com",
        "project_id": "utp-desa7-proyectofinal",
        "auth_uri": "https://accounts.google.com/o/oauth2/auth",
        "token_uri": "https://oauth2.googleapis.com/token",
        "auth_provider_x509_cert_url": "https://www.googleapis.com/oauth2/v1/certs",
        "client_secret": "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",
        "redirect_uris": [
            "http://localhost/proyectofinal/index.php"
        ],
        "javascript_origins": [
            "http://localhost"
        ]
    }
}